Id,Predicted
0.0,373.0
1.0,1052.0
2.0,81.0
3.0,169.0
4.0,390.0
5.0,626.0
6.0,0.0
7.0,212.0
8.0,303.0
9.0,73.0
10.0,485.0
11.0,754.0
12.0,814.0
13.0,476.0
14.0,174.0
15.0,761.0
16.0,994.0
17.0,214.0
18.0,521.0
19.0,71.0
20.0,9.0
21.0,317.0
22.0,0.0
23.0,3.0
24.0,3.0
25.0,355.0
26.0,40.0
27.0,48.0
28.0,82.0
29.0,1083.0
30.0,113.0
31.0,70.0
32.0,890.0
33.0,240.0
34.0,0.0
35.0,431.0
36.0,406.0
37.0,4.0
38.0,50.0
39.0,566.0
40.0,1577.0
41.0,62.0
42.0,240.0
43.0,804.0
44.0,105.0
45.0,199.0
46.0,32.0
47.0,83.0
48.0,286.0
49.0,254.0
50.0,0.0
51.0,0.0
52.0,70.0
53.0,551.0
54.0,15.0
55.0,529.0
56.0,59.0
57.0,9.0
58.0,0.0
59.0,420.0
60.0,87.0
61.0,174.0
62.0,1171.0
63.0,389.0
64.0,0.0
65.0,437.0
66.0,316.0
67.0,325.0
68.0,35.0
69.0,66.0
70.0,29.0
71.0,254.0
72.0,261.0
73.0,267.0
74.0,379.0
75.0,95.0
76.0,234.0
77.0,0.0
78.0,190.0
79.0,455.0
80.0,172.0
81.0,278.0
82.0,52.0
83.0,18.0
84.0,75.0
85.0,352.0
86.0,48.0
87.0,37.0
88.0,512.0
89.0,205.0
90.0,380.0
91.0,301.0
92.0,140.0
93.0,838.0
94.0,1234.0
95.0,334.0
96.0,269.0
97.0,271.0
98.0,22.0
99.0,0.0
100.0,228.0
101.0,0.0
102.0,374.0
103.0,716.0
104.0,28.0
105.0,19.0
106.0,73.0
107.0,212.0
108.0,577.0
109.0,116.0
110.0,18.0
111.0,102.0
112.0,33.0
113.0,127.0
114.0,280.0
115.0,0.0
116.0,394.0
117.0,394.0
118.0,28.0
119.0,293.0
120.0,337.0
121.0,301.0
122.0,547.0
123.0,308.0
124.0,145.0
125.0,10.0
126.0,1.0
127.0,112.0
128.0,342.0
129.0,174.0
130.0,256.0
131.0,240.0
132.0,7.0
133.0,282.0
134.0,788.0
135.0,31.0
136.0,212.0
137.0,67.0
138.0,466.0
139.0,0.0
140.0,302.0
141.0,8.0
142.0,0.0
143.0,258.0
144.0,48.0
145.0,289.0
146.0,109.0
147.0,0.0
148.0,320.0
149.0,0.0
150.0,0.0
151.0,41.0
152.0,289.0
153.0,574.0
154.0,471.0
155.0,14.0
156.0,0.0
157.0,1609.0
158.0,741.0
159.0,3.0
160.0,357.0
161.0,156.0
162.0,178.0
163.0,269.0
164.0,108.0
165.0,0.0
166.0,0.0
167.0,228.0
168.0,431.0
169.0,0.0
170.0,25.0
171.0,0.0
172.0,1192.0
173.0,64.0
174.0,450.0
175.0,64.0
176.0,33.0
177.0,431.0
178.0,61.0
179.0,426.0
180.0,471.0
181.0,244.0
182.0,0.0
183.0,543.0
184.0,0.0
185.0,81.0
186.0,116.0
187.0,141.0
188.0,302.0
189.0,644.0
190.0,59.0
191.0,0.0
192.0,394.0
193.0,1418.0
194.0,114.0
195.0,713.0
196.0,5.0
197.0,25.0
198.0,141.0
199.0,423.0
200.0,229.0
201.0,402.0
202.0,320.0
203.0,117.0
204.0,45.0
205.0,395.0
206.0,0.0
207.0,13.0
208.0,322.0
209.0,242.0
210.0,768.0
211.0,148.0
212.0,906.0
213.0,1636.0
214.0,471.0
215.0,46.0
216.0,185.0
217.0,243.0
218.0,304.0
219.0,393.0
220.0,3.0
221.0,29.0
222.0,36.0
223.0,22.0
224.0,0.0
225.0,33.0
226.0,189.0
227.0,266.0
228.0,326.0
229.0,136.0
230.0,306.0
231.0,440.0
232.0,40.0
233.0,0.0
234.0,244.0
235.0,818.0
236.0,0.0
237.0,39.0
238.0,881.0
239.0,311.0
240.0,33.0
241.0,170.0
242.0,42.0
243.0,402.0
244.0,368.0
245.0,184.0
246.0,185.0
247.0,494.0
248.0,413.0
249.0,116.0
250.0,511.0
251.0,53.0
252.0,20.0
253.0,56.0
254.0,860.0
255.0,160.0
256.0,25.0
257.0,257.0
258.0,618.0
259.0,284.0
260.0,87.0
261.0,78.0
262.0,8.0
263.0,242.0
264.0,355.0
265.0,148.0
266.0,269.0
267.0,120.0
268.0,193.0
269.0,496.0
270.0,307.0
271.0,118.0
272.0,0.0
273.0,691.0
274.0,1561.0
275.0,50.0
276.0,173.0
277.0,57.0
278.0,219.0
279.0,389.0
280.0,88.0
281.0,142.0
282.0,0.0
283.0,229.0
284.0,115.0
285.0,0.0
286.0,7.0
287.0,641.0
288.0,184.0
289.0,339.0
290.0,53.0
291.0,629.0
292.0,507.0
293.0,300.0
294.0,2.0
295.0,65.0
296.0,475.0
297.0,141.0
298.0,434.0
299.0,114.0
300.0,73.0
301.0,0.0
302.0,543.0
303.0,35.0
304.0,58.0
305.0,397.0
306.0,406.0
307.0,302.0
308.0,180.0
309.0,467.0
310.0,0.0
311.0,309.0
312.0,331.0
313.0,927.0
314.0,377.0
315.0,295.0
316.0,30.0
317.0,156.0
318.0,0.0
319.0,0.0
320.0,9.0
321.0,992.0
322.0,25.0
323.0,853.0
324.0,322.0
325.0,50.0
326.0,150.0
327.0,22.0
328.0,68.0
329.0,387.0
330.0,363.0
331.0,180.0
332.0,327.0
333.0,212.0
334.0,226.0
335.0,116.0
336.0,705.0
337.0,662.0
338.0,121.0
339.0,187.0
340.0,0.0
341.0,246.0
342.0,0.0
343.0,158.0
344.0,1495.0
345.0,524.0
346.0,0.0
347.0,959.0
348.0,37.0
349.0,184.0
350.0,472.0
351.0,20.0
352.0,29.0
353.0,326.0
354.0,204.0
355.0,0.0
356.0,58.0
357.0,66.0
358.0,284.0
359.0,39.0
360.0,436.0
361.0,610.0
362.0,268.0
363.0,10.0
364.0,0.0
365.0,159.0
366.0,632.0
367.0,470.0
368.0,33.0
369.0,1154.0
370.0,23.0
371.0,422.0
372.0,903.0
373.0,581.0
374.0,89.0
375.0,346.0
376.0,473.0
377.0,59.0
378.0,207.0
379.0,17.0
380.0,80.0
381.0,218.0
382.0,392.0
383.0,169.0
384.0,6.0
385.0,538.0
386.0,320.0
387.0,202.0
388.0,19.0
389.0,116.0
390.0,549.0
391.0,11.0
392.0,38.0
393.0,0.0
394.0,252.0
395.0,36.0
396.0,0.0
397.0,298.0
398.0,190.0
399.0,162.0
400.0,965.0
401.0,863.0
402.0,519.0
403.0,129.0
404.0,0.0
405.0,108.0
406.0,269.0
407.0,361.0
408.0,76.0
409.0,21.0
410.0,0.0
411.0,352.0
412.0,0.0
413.0,113.0
414.0,539.0
415.0,82.0
416.0,9.0
417.0,391.0
418.0,8.0
419.0,42.0
420.0,38.0
421.0,143.0
422.0,129.0
423.0,430.0
424.0,60.0
425.0,0.0
426.0,1084.0
427.0,0.0
428.0,364.0
429.0,758.0
430.0,324.0
431.0,215.0
432.0,27.0
433.0,372.0
434.0,77.0
435.0,69.0
436.0,334.0
437.0,39.0
438.0,30.0
439.0,241.0
440.0,38.0
441.0,88.0
442.0,327.0
443.0,70.0
444.0,853.0
445.0,297.0
446.0,7.0
447.0,853.0
448.0,391.0
449.0,445.0
450.0,858.0
451.0,0.0
452.0,297.0
453.0,67.0
454.0,1379.0
455.0,402.0
456.0,333.0
457.0,8.0
458.0,99.0
459.0,558.0
460.0,15.0
461.0,208.0
462.0,809.0
463.0,0.0
464.0,258.0
465.0,1411.0
466.0,323.0
467.0,465.0
468.0,0.0
469.0,373.0
470.0,150.0
471.0,225.0
472.0,358.0
473.0,254.0
474.0,279.0
475.0,502.0
476.0,77.0
477.0,26.0
478.0,64.0
479.0,69.0
480.0,352.0
481.0,240.0
482.0,162.0
483.0,52.0
484.0,0.0
485.0,138.0
486.0,965.0
487.0,229.0
488.0,23.0
489.0,466.0
490.0,171.0
491.0,38.0
492.0,327.0
493.0,4.0
494.0,0.0
495.0,386.0
496.0,450.0
497.0,274.0
498.0,255.0
499.0,159.0
500.0,146.0
501.0,306.0
502.0,120.0
503.0,168.0
504.0,471.0
505.0,318.0
506.0,547.0
507.0,0.0
508.0,28.0
509.0,0.0
510.0,399.0
511.0,243.0
512.0,434.0
513.0,334.0
514.0,279.0
515.0,185.0
516.0,514.0
517.0,0.0
518.0,461.0
519.0,279.0
520.0,406.0
521.0,236.0
522.0,338.0
523.0,7.0
524.0,1609.0
525.0,35.0
526.0,521.0
527.0,232.0
528.0,348.0
529.0,261.0
530.0,838.0
531.0,596.0
532.0,370.0
533.0,0.0
534.0,778.0
535.0,212.0
536.0,0.0
537.0,389.0
538.0,702.0
539.0,341.0
540.0,0.0
541.0,832.0
542.0,763.0
543.0,577.0
544.0,214.0
545.0,1379.0
546.0,331.0
547.0,21.0
548.0,445.0
549.0,275.0
550.0,276.0
551.0,489.0
552.0,208.0
553.0,581.0
554.0,18.0
555.0,302.0
556.0,157.0
557.0,1538.0
558.0,58.0
559.0,379.0
560.0,34.0
561.0,691.0
562.0,360.0
563.0,11.0
564.0,393.0
565.0,53.0
566.0,420.0
567.0,29.0
568.0,622.0
569.0,444.0
570.0,617.0
571.0,32.0
572.0,333.0
573.0,6.0
574.0,1367.0
575.0,321.0
576.0,394.0
577.0,29.0
578.0,0.0
579.0,854.0
580.0,0.0
581.0,186.0
582.0,26.0
583.0,1238.0
584.0,384.0
585.0,1024.0
586.0,32.0
587.0,396.0
588.0,903.0
589.0,5.0
590.0,0.0
591.0,603.0
592.0,62.0
593.0,456.0
594.0,772.0
595.0,278.0
596.0,6.0
597.0,156.0
598.0,33.0
599.0,149.0
600.0,246.0
601.0,578.0
602.0,676.0
603.0,725.0
604.0,51.0
605.0,416.0
606.0,3.0
607.0,28.0
608.0,92.0
609.0,36.0
610.0,108.0
611.0,818.0
612.0,316.0
613.0,33.0
614.0,88.0
615.0,637.0
616.0,242.0
617.0,136.0
618.0,219.0
619.0,20.0
620.0,83.0
621.0,84.0
622.0,141.0
623.0,283.0
624.0,446.0
625.0,141.0
626.0,9.0
627.0,235.0
628.0,581.0
629.0,367.0
630.0,210.0
631.0,1109.0
632.0,358.0
633.0,736.0
634.0,64.0
635.0,713.0
636.0,76.0
637.0,213.0
638.0,27.0
639.0,225.0
640.0,413.0
641.0,983.0
642.0,442.0
643.0,382.0
644.0,279.0
645.0,0.0
646.0,83.0
647.0,446.0
648.0,358.0
649.0,67.0
650.0,457.0
651.0,821.0
652.0,237.0
653.0,122.0
654.0,863.0
655.0,290.0
656.0,51.0
657.0,254.0
658.0,16.0
659.0,0.0
660.0,1226.0
661.0,1024.0
662.0,594.0
663.0,468.0
664.0,81.0
665.0,14.0
666.0,1011.0
667.0,1105.0
668.0,20.0
669.0,811.0
670.0,59.0
671.0,36.0
672.0,178.0
673.0,445.0
674.0,0.0
675.0,130.0
676.0,133.0
677.0,43.0
678.0,16.0
679.0,291.0
680.0,1265.0
681.0,389.0
682.0,167.0
683.0,310.0
684.0,389.0
685.0,233.0
686.0,69.0
687.0,334.0
688.0,67.0
689.0,3.0
690.0,452.0
691.0,29.0
692.0,141.0
693.0,60.0
694.0,24.0
695.0,386.0
696.0,19.0
697.0,307.0
698.0,7.0
699.0,0.0
700.0,227.0
701.0,379.0
702.0,0.0
703.0,42.0
704.0,29.0
705.0,180.0
706.0,383.0
707.0,442.0
708.0,0.0
709.0,46.0
710.0,294.0
711.0,576.0
712.0,355.0
713.0,379.0
714.0,447.0
715.0,489.0
716.0,5.0
717.0,219.0
718.0,49.0
719.0,1238.0
720.0,303.0
721.0,279.0
722.0,504.0
723.0,20.0
724.0,155.0
725.0,64.0
726.0,124.0
727.0,579.0
728.0,202.0
729.0,1390.0
730.0,418.0
731.0,246.0
732.0,912.0
733.0,268.0
734.0,183.0
735.0,0.0
736.0,470.0
737.0,342.0
738.0,286.0
739.0,38.0
740.0,35.0
741.0,0.0
742.0,30.0
743.0,85.0
